HGfA,HGaA,HPts/Pld,Helo,AGfA,AGaA,APts/Pld,Aelo
1.50,0.83,1.7222222222222223,1522,0.88,1.83,0.7222222222222222,1377