HGfA,HGaA,HPts/Pld,Helo,AGfA,AGaA,APts/Pld,Aelo
2.58,1.05,2.4705882352941178,1847,2.11,1.05,2.1176470588235294,1942