HGfA,HGaA,HPts/Pld,Helo,AGfA,AGaA,APts/Pld,Aelo
1.32,1.46,1.4285714285714286,1423,0.78,1.71,0.6428571428571429,1362