HGfA,HGaA,HPts/Pld,Helo,AGfA,AGaA,APts/Pld,Aelo
2.34,0.56,2.608695652173913,1.95,2.69,0.73,2.4347826086956523,1.973