HGfA,HGaA,HPts/Pld,Helo,AGfA,AGaA,APts/Pld,Aelo
1.10,1.00,1.5263157894736843,1.325,1.21,1.31,1.368421052631579,1.342