HGfA,HGaA,HPts/Pld,Helo,AGfA,AGaA,APts/Pld,Aelo
0.78,1.52,0.6842105263157895,1510,0.73,1.84,0.5789473684210527,1504