HGfA,HGaA,HPts/Pld,Helo,AGfA,AGaA,APts/Pld,Aelo
2.78,1.05,2.263157894736842,2023,1.15,1.21,1.368421052631579,1720